id,emp_number,emp_name,emp_gender,emp_birathday,state,cdt,udt,remark
1,98537,肥项禹,1,1975-03-30 04:48:53,1,2016-03-11 03:07:36,2016-03-11 03:07:37
2,59976,千美华,1,1987-02-20 19:24:46,1,2016-03-11 03:07:36,2016-03-11 03:07:37
3,30448,洛向明,1,2000-02-13 21:43:46,1,2016-03-11 03:07:36,2016-03-11 03:07:37
4,34772,矫访梦,1,1985-12-05 23:01:51,1,2016-03-11 03:07:36,2016-03-11 03:07:37
5,84012,明亦巧,1,1993-07-29 02:55:28,1,2016-03-11 03:07:36,2016-03-11 03:07:37
6,86980,岳昆皓,1,2019-07-06 15:05:08,1,2016-03-11 03:07:36,2016-03-11 03:07:37
7,27787,佘昆鹏,1,2003-02-10 17:10:57,1,2016-03-11 03:07:36,2016-03-11 03:07:37
8,87686,昔又香,1,2006-03-12 06:38:08,1,2016-03-11 03:07:36,2016-03-11 03:07:37
9,84144,璩芳荃,1,2018-07-17 10:12:46,1,2016-03-11 03:07:36,2016-03-11 03:07:37
10,18487,哀以松,1,2004-11-11 15:00:22,1,2016-03-11 03:07:36,2016-03-11 03:07:37
11,24470,聊浦和,1,2009-06-22 08:07:23,1,2016-03-11 03:07:36,2016-03-11 03:07:37
12,67192,钦代秋,1,2006-03-13 23:04:18,1,2016-03-11 03:07:36,2016-03-11 03:07:37
13,49572,劳力夫,1,2014-08-27 02:20:42,1,2016-03-11 03:07:36,2016-03-11 03:07:37
14,25579,洋冬萱,1,2020-01-15 06:42:09,1,2016-03-11 03:07:36,2016-03-11 03:07:37
15,62465,奕辰韦,1,2001-08-02 11:44:13,1,2016-03-11 03:07:36,2016-03-11 03:07:37
16,64030,席慧云,1,2001-04-08 00:53:17,1,2016-03-11 03:07:36,2016-03-11 03:07:37
17,46621,干月灵,1,2017-09-19 19:59:52,1,2016-03-11 03:07:36,2016-03-11 03:07:37
18,80101,浑紫薇,1,2016-04-29 07:42:08,1,2016-03-11 03:07:36,2016-03-11 03:07:37
19,35884,钮幻桃,1,2010-12-21 16:35:40,1,2016-03-11 03:07:36,2016-03-11 03:07:37
20,57051,可冷之,1,2007-07-04 21:13:37,1,2016-03-11 03:07:36,2016-03-11 03:07:37
21,85644,謇思彤,1,2009-07-11 21:08:39,1,2016-03-11 03:07:36,2016-03-11 03:07:37
22,31302,相幻桃,1,2004-06-29 17:39:19,1,2016-03-11 03:07:36,2016-03-11 03:07:37
23,62716,敏婷然,1,2002-04-10 22:06:44,1,2016-03-11 03:07:36,2016-03-11 03:07:37
24,56183,冀楚楚,1,2001-08-31 04:25:25,1,2016-03-11 03:07:36,2016-03-11 03:07:37
25,70753,旷明煦,1,2002-01-30 17:02:48,1,2016-03-11 03:07:36,2016-03-11 03:07:37
26,53898,宁凌蝶,1,2015-05-23 22:59:18,1,2016-03-11 03:07:36,2016-03-11 03:07:37
27,76262,才雪容,1,2008-12-06 02:37:57,1,2016-03-11 03:07:36,2016-03-11 03:07:37
28,98138,卜雨安,1,2014-12-15 06:59:27,1,2016-03-11 03:07:36,2016-03-11 03:07:37
29,63525,禹涵桃,1,2009-12-27 04:27:34,1,2016-03-11 03:07:36,2016-03-11 03:07:37
30,54783,慎阳泽,1,2007-03-05 07:39:19,1,2016-03-11 03:07:36,2016-03-11 03:07:37
31,27602,郸白梅,1,2005-09-18 11:41:38,1,2016-03-11 03:07:36,2016-03-11 03:07:37
32,81050,左令飒,1,2013-03-12 01:52:43,1,2016-03-11 03:07:36,2016-03-11 03:07:37
33,40444,苌丽华,1,2009-04-17 22:04:02,1,2016-03-11 03:07:36,2016-03-11 03:07:37
34,31949,建俊贤,1,2016-03-11 03:07:36,1,2016-03-11 03:07:36,2016-03-11 03:07:37
35,26092,瞿云英,1,2009-05-05 02:46:55,1,2016-03-11 03:07:36,2016-03-11 03:07:37
36,97810,英乐欣,1,2018-04-01 08:09:04,1,2016-03-11 03:07:36,2016-03-11 03:07:37
37,93760,孛依风,1,2007-08-20 08:52:26,1,2016-03-11 03:07:36,2016-03-11 03:07:37
38,76762,茅春岚,1,2003-09-21 03:17:09,1,2016-03-11 03:07:36,2016-03-11 03:07:37
39,31475,书修谨,1,2007-02-21 08:24:09,1,2016-03-11 03:07:36,2016-03-11 03:07:37
40,23600,暴语蓉,1,2019-10-24 04:43:43,1,2016-03-11 03:07:36,2016-03-11 03:07:37
41,19568,符鹤轩,1,2020-05-30 21:36:56,1,2016-03-11 03:07:36,2016-03-11 03:07:37
42,88906,汝梓馨,1,2012-12-11 09:33:14,1,2016-03-11 03:07:36,2016-03-11 03:07:37
43,33764,闳映菡,1,2007-12-15 17:14:06,1,2016-03-11 03:07:36,2016-03-11 03:07:37
44,61890,泣丹山,1,2012-08-14 23:34:26,1,2016-03-11 03:07:36,2016-03-11 03:07:37
45,84485,渠瀚玥,1,2009-02-18 06:56:29,1,2016-03-11 03:07:36,2016-03-11 03:07:37
46,49810,盘萍韵,1,2003-03-16 14:50:00,1,2016-03-11 03:07:36,2016-03-11 03:07:37
47,15617,塔和玉,1,2016-03-31 17:34:56,1,2016-03-11 03:07:36,2016-03-11 03:07:37
48,42402,危浦和,1,2002-06-07 22:22:23,1,2016-03-11 03:07:36,2016-03-11 03:07:37
49,76499,湛玟丽,1,2016-09-27 08:56:08,1,2016-03-11 03:07:36,2016-03-11 03:07:37
50,83976,钟诗桃,1,2017-10-26 14:43:28,1,2016-03-11 03:07:36,2016-03-11 03:07:37
